{
    "log_r2": 0.9091379355540513,
    "log_mae": 0.11524738256514178,
    "log_rmse": 0.162055875324306,
    "r2": 0.9100501553333626,
    "mae": 64208.01415815236,
    "rmse": 115378.61002290594,
    "mape": 11.698616455426743
}